ID,NUMBER,NAME_KANJI,NAME_KANA,SEX,BIRTHDAY,TEL,CTCT_NAME,CTCT_ADDR,CTCT_TEL,PSPT_NO,PSPT_DATE,PSPT_NAME,RENTAL
1,WAP00104,北川　公一,キタガワ コウイチ,1,1966-09-03,098-845-7881,,,,,,,
2,WAP00105,Buchanan Pearson,ブキャナン ピアソン,1,1949-09-03,06-6513-3352,,,,,,,
3,WAP00106,Stokes Mosley,ストークス モズレー,1,1949-09-06,048-801-7860,,,,,,,
4,WAP00107,Consuelo Cohen,コンスエロ コーエン,2,1949-09-06,045-626-6044,,,,,,,
5,WAP00108,Luisa Brown,ルイサ ブラウン,2,1979-09-06,042-804-3588,,,,,,,
6,WAP00110,鶴岡　勝彦,ツルオカ カツヒコ,1,1949-09-07,0537-65-9196,,,,,,,
7,WAP00111,谷内　梨央,タニウチ リオ,2,1949-09-07,076-230-5395,,,,,,,
8,WAP00112,小山田　正和,オヤマダ マサカズ,1,1949-09-09,096-266-1997,,,,,,,
9,WAP00117,Shanna Taylor,シャナ テイラー,2,1949-09-09,042-857-9972,,,,,,,
10,WAP00118,李 男皆,リー ナンジェ,1,1949-09-09,022-729-9752,,,,,,,
11,WAP00119,Matthews Walls,マシューズ ウォールズ,1,1949-09-10,052-534-6889,,,,,,,
12,WAP00148,May Walker,メイ ウォーカー,1,1949-09-18,093-607-1445,,,,,,,
13,WAP00152,Mcgee Munoz,マギー ムニョス,1,1949-09-20,052-534-2903,,,,,,,
14,WAP00155,Salas Rollins,サラス ロリンズ,1,1949-09-20,045-626-5432,,,,,,,
15,WAP00161,Hogan Duffy,ホーガン ダフィー,1,1949-09-21,042-206-8116,,,,,,,
16,WAP00163,Bernadine Hewitt,バーナディーン ヒューイット,2,1949-09-22,043-398-8725,,,,,,,
17,WAP00165,陈 奕单,チェン イーダン,1,1949-09-22,095-867-7604,,,,,,,
18,WAP00166,Tucker Battle,タッカー バトル,1,1949-09-24,025-323-2805,,,,,,,
19,WAP00167,Juarez Sellers,フアレス セラーズ,1,1949-09-25,04996-5-5512,,,,,,,
20,WAP00169,Tyler Delgado,タイラー デルガド,1,1949-09-26,029-351-3501,,,,,,,